layer,avg_U_similarity_ft,avg_V_similarity_ft,min_U_similarity_ft,max_U_similarity_ft,spectral_intruder_count_ft,layer_id,module,drift_U_ft,drift_V_ft,spectral_drift_ft,model_ft,avg_U_similarity_lora,avg_V_similarity_lora,min_U_similarity_lora,max_U_similarity_lora,spectral_intruder_count_lora,drift_U_lora,drift_V_lora,spectral_drift_lora,model_lora,delta_ft_lora
model.layers.0.self_attn.q_proj.weight,0.9999920338392256,0.9999921590089798,0.9999522566795348,0.9999999403953552,0,0,q_proj,7.966160774364184e-06,7.840991020247046e-06,1.580715179461123e-05,finetuned,1.0000000447034836,1.0000001221895218,0.9999998807907104,1.000000238418579,0,-4.470348358154297e-08,-1.221895218339597e-07,-1.6689300541550267e-07,lora,1.5974044800026732e-05
model.layers.0.self_attn.k_proj.weight,0.9999904721975328,0.999990138411522,0.9999643564224244,1.0000001192092896,0,0,k_proj,9.527802467212965e-06,9.86158847804397e-06,1.9389390945256935e-05,finetuned,1.000000032782555,1.0000000715255737,0.9999998807907104,1.0000001192092896,0,-3.278255489291837e-08,-7.152557368605983e-08,-1.043081285789782e-07,lora,1.9493699073835913e-05
model.layers.0.self_attn.v_proj.weight,0.2019388616085052,0.2019357144832611,-0.9993265867233276,0.9999046921730042,8,0,v_proj,0.7980611383914948,0.7980642855167389,9.596125423908234,finetuned,1.000000050663948,1.000000062584877,0.9999998807907104,1.000000238418579,0,-5.066394792585527e-08,-6.258487705856908e-08,-1.1324882498442435e-07,lora,9.596125537157059
model.layers.0.self_attn.o_proj.weight,0.9999322384595872,0.9999337643384932,0.9998050928115844,0.9999967217445374,0,0,o_proj,6.77615404127696e-05,6.623566150676385e-05,0.00013399720191953346,finetuned,1.0000000655651091,1.0000001341104507,0.9999999403953552,1.000000238418579,0,-6.556510911970292e-08,-1.341104507446289e-07,-1.9967555986433183e-07,lora,0.0001341968774793978
model.layers.0.mlp.gate_proj.weight,0.9999730169773102,0.9999809443950654,0.9999200105667114,0.9999936819076538,0,0,gate_proj,2.6983022689774927e-05,1.9055604934647974e-05,4.60386276244229e-05,finetuned,1.0000000596046448,0.9999999821186064,0.9999999403953552,1.000000238418579,0,-5.960464477539063e-08,1.788139358804841e-08,-4.1723251187342214e-08,lora,4.608035087561024e-05
model.layers.0.mlp.up_proj.weight,0.999268215894699,0.9992800176143646,0.997852861881256,0.9999632835388184,0,0,up_proj,0.0007317841053009477,0.0007199823856354204,0.0014517664909363681,finetuned,1.0000000953674315,1.000000125169754,0.9999998211860656,1.0000003576278689,0,-9.536743150739824e-08,-1.2516975389509355e-07,-2.2053718540249179e-07,lora,0.0014519870281217706
model.layers.0.mlp.down_proj.weight,0.8993934601545334,0.899390822649002,-0.9927653670310974,0.9999876618385316,1,0,down_proj,0.10060653984546664,0.10060917735099795,1.2012157171964646,finetuned,1.0000000029802325,1.000000062584877,0.9999997615814208,1.0000001192092896,0,-2.980232505223057e-09,-6.258487705856908e-08,-6.556510956379213e-08,lora,1.2012157827615741
model.layers.1.self_attn.q_proj.weight,0.999975648522377,0.999977880716324,0.9999489784240724,0.9999969005584716,0,1,q_proj,2.435147762303025e-05,2.2119283676014234e-05,4.647076129904448e-05,finetuned,1.0000000447034836,1.000000035762787,0.9999998807907104,1.000000238418579,0,-4.470348358154297e-08,-3.576278695405222e-08,-8.046627053559519e-08,lora,4.655122756958008e-05
model.layers.1.self_attn.k_proj.weight,0.2000656545162201,0.2000652492046356,-0.9999347925186156,0.9999983906745912,8,1,k_proj,0.79993434548378,0.7999347507953645,9.599869096279145,finetuned,1.000000011920929,1.0000000447034836,0.9999998807907104,1.0000001192092896,0,-1.1920928910669204e-08,-4.470348358154297e-08,-5.662441249221217e-08,lora,9.599869152903556
model.layers.1.self_attn.v_proj.weight,-0.2949617981910705,-0.2949405342340469,-0.9979218244552612,0.998684287071228,13,1,v_proj,1.2949617981910704,1.294940534234047,15.589902332425117,finetuned,1.000000062584877,1.0000000655651091,0.9999998807907104,1.000000238418579,0,-6.258487705856908e-08,-6.556510911970292e-08,-1.28149986178272e-07,lora,15.589902460575104
model.layers.1.self_attn.o_proj.weight,0.999601337313652,0.9996078461408616,0.9988412857055664,0.9999897480010986,0,1,o_proj,0.00039866268634802804,0.00039215385913837775,0.0007908165454864058,finetuned,1.0000000655651091,1.0000000983476638,0.9999998807907104,1.000000238418579,0,-6.556510911970292e-08,-9.834766379057669e-08,-1.6391277291027961e-07,lora,0.0007909804582593161
model.layers.1.mlp.gate_proj.weight,0.9999189794063568,0.9999283432960512,0.9998492002487184,0.9999887347221376,0,1,gate_proj,8.102059364323289e-05,7.165670394881918e-05,0.00015267729759205206,finetuned,1.0000001341104507,1.0000002533197403,0.9999998807907104,1.0000003576278689,0,-1.341104507446289e-07,-2.5331974029541016e-07,-3.8743019104003906e-07,lora,0.0001530647277830921
model.layers.1.mlp.up_proj.weight,0.1990570098161697,0.1990633696317672,-0.9997896552085876,0.9999496936798096,8,1,up_proj,0.8009429901838303,0.8009366303682328,9.601879620552063,finetuned,1.0000000894069672,1.0000001579523086,0.9999998211860656,1.0000003576278689,0,-8.940696716308594e-08,-1.5795230856596731e-07,-2.4735927572905325e-07,lora,9.60187986791134
model.layers.1.mlp.down_proj.weight,0.9997884213924408,0.9997733205556868,0.999157726764679,0.99999338388443,0,1,down_proj,0.0002115786075591597,0.00022667944431320475,0.00043825805187236444,finetuned,1.00000002682209,1.0000004410743712,0.9999998807907104,1.0000003576278689,0,-2.682209010451686e-08,-4.410743712490728e-07,-4.6789646135358964e-07,lora,0.00043872594833371803
model.layers.2.self_attn.q_proj.weight,0.999871066212654,0.9998732656240464,0.9992070198059082,0.9999895095825196,0,2,q_proj,0.00012893378734601946,0.0001267343759535633,0.00025566816329958275,finetuned,1.000000074505806,1.0000001311302185,0.9999998807907104,1.000000238418579,0,-7.450580596923828e-08,-1.3113021846145045e-07,-2.0563602443068874e-07,lora,0.00025587379932401344
model.layers.2.self_attn.k_proj.weight,0.99989912211895,0.999896889925003,0.9998224973678588,0.9999948143959044,0,2,k_proj,0.00010087788104995443,0.00010311007499697045,0.00020398795604692488,finetuned,1.000000047683716,1.0000001579523086,0.9999998807907104,1.000000238418579,0,-4.7683716086766026e-08,-1.5795230856596731e-07,-2.0563602465273334e-07,lora,0.0002041935920715776
model.layers.2.self_attn.v_proj.weight,0.7975708574056626,0.7975485354661942,-0.9984036087989808,0.9995813965797424,2,2,v_proj,0.20242914259433742,0.2024514645338058,2.404880607128143,finetuned,1.000000047683716,0.9999999821186064,0.9999998807907104,1.000000238418579,0,-4.7683716086766026e-08,1.788139358804841e-08,-2.9802322498717615e-08,lora,2.4048806369304656
model.layers.2.self_attn.o_proj.weight,0.9997400760650634,0.9997407466173172,0.9984568357467652,0.999996781349182,0,2,o_proj,0.00025992393493656785,0.0002592533826828447,0.0005191773176194125,finetuned,1.0000000149011612,0.9999999314546584,0.9999998807907104,1.000000238418579,0,-1.4901161193847656e-08,6.854534162492598e-08,5.3644180431078325e-08,lora,0.0005191236734389815
model.layers.2.mlp.gate_proj.weight,0.8999251067638397,0.8999355912208558,-0.9999525547027588,0.9999916553497314,1,2,gate_proj,0.10007489323616026,0.10006440877914424,1.2001393020153044,finetuned,1.0000001072883606,1.0000000596046448,0.9999998807907104,1.0000003576278689,0,-1.0728836064011205e-07,-5.960464477539063e-08,-1.6689300541550267e-07,lora,1.2001394689083098
model.layers.2.mlp.up_proj.weight,0.9975714772939682,0.9975912183523178,0.9906299114227296,0.9999984502792358,0,2,up_proj,0.002428522706031777,0.002408781647682212,0.004837304353713989,finetuned,1.0000001043081284,1.0000001341104507,0.999999701976776,1.0000007152557373,0,-1.043081283569336e-07,-1.341104507446289e-07,-2.384185791015625e-07,lora,0.004837542772293091
model.layers.2.mlp.down_proj.weight,0.7999399811029434,0.7999264091253281,-0.9999707341194152,0.999996781349182,2,2,down_proj,0.2000600188970566,0.2000735908746719,2.4001336097717285,finetuned,1.000000035762787,1.0000001281499862,0.9999998807907104,1.0000001192092896,0,-3.576278695405222e-08,-1.28149986178272e-07,-1.6391277313232422e-07,lora,2.4001337736845016
model.layers.3.self_attn.q_proj.weight,0.999804988503456,0.999808007478714,0.9988316297531128,0.9999955296516418,0,3,q_proj,0.0001950114965439953,0.00019199252128598854,0.00038700401782998384,finetuned,1.0000000685453414,1.0000001728534698,0.9999998807907104,1.000000238418579,0,-6.854534140288138e-08,-1.7285346975981497e-07,-2.4139881116269635e-07,lora,0.00038724541664114653
model.layers.3.self_attn.k_proj.weight,0.9977010011672972,0.9976944863796234,0.9788752794265748,0.9999868869781494,0,3,k_proj,0.002298998832702792,0.0023055136203765647,0.004604512453079357,finetuned,1.000000062584877,1.0000001281499862,0.9999998211860656,1.000000238418579,0,-6.258487705856908e-08,-1.28149986178272e-07,-1.9073486323684108e-07,lora,0.004604703187942594
model.layers.3.self_attn.v_proj.weight,0.7969948351383209,0.7969963669776916,-0.999357283115387,0.99989515542984,2,3,v_proj,0.20300516486167908,0.2030036330223084,2.4060087978839872,finetuned,1.000000035762787,1.0000000238418578,0.9999997615814208,1.000000238418579,0,-3.576278695405222e-08,-2.3841857821338408e-08,-5.960464477539063e-08,lora,2.406008857488632
model.layers.3.self_attn.o_proj.weight,0.999907010793686,0.9999101400375366,0.9996013045310974,0.9999887347221376,0,3,o_proj,9.298920631395369e-05,8.98599624633567e-05,0.0001828491687773104,finetuned,1.0000000238418578,1.000000035762787,0.9999998807907104,1.000000238418579,0,-2.3841857821338408e-08,-3.576278695405222e-08,-5.960464477539063e-08,lora,0.00018290877342208578
model.layers.3.mlp.gate_proj.weight,0.9998786479234696,0.999891284108162,0.9997076988220216,0.999987781047821,0,3,gate_proj,0.00012135207653041213,0.00010871589183802932,0.00023006796836844146,finetuned,1.000000035762787,1.0000001579523086,0.9999997615814208,1.0000003576278689,0,-3.576278695405222e-08,-1.5795230856596731e-07,-1.9371509552001953e-07,lora,0.00023026168346396148
model.layers.3.mlp.up_proj.weight,0.9970747619867324,0.9970910102128984,0.9883716106414796,0.999954342842102,0,3,up_proj,0.002925238013267606,0.0029089897871016346,0.0058342278003692405,finetuned,1.000000035762787,1.000000074505806,0.9999997615814208,1.0000004768371582,0,-3.576278695405222e-08,-7.450580596923828e-08,-1.102685929232905e-07,lora,0.005834338068962164
model.layers.3.mlp.down_proj.weight,0.9998649507761002,0.999850669503212,0.9992448687553406,0.9999947547912598,0,3,down_proj,0.0001350492238998413,0.0001493304967880027,0.000284379720687844,finetuned,1.000000038743019,1.0000003933906556,0.9999997615814208,1.000000238418579,0,-3.8743019015186064e-08,-3.9339065560639597e-07,-4.3213367462158203e-07,lora,0.0002848118543624656
model.layers.4.self_attn.q_proj.weight,0.9999158173799516,0.9999165177345276,0.9997286796569824,0.9999923706054688,0,4,q_proj,8.418262004838972e-05,8.34822654723899e-05,0.00016766488552077963,finetuned,1.0000000417232513,1.000000032782555,0.9999998211860656,1.000000238418579,0,-4.1723251298364517e-08,-3.278255489291837e-08,-7.450580619128289e-08,lora,0.0001677393913269709
model.layers.4.self_attn.k_proj.weight,0.9994765907526016,0.9994733959436416,0.996018409729004,0.9999945163726808,0,4,k_proj,0.0005234092473983543,0.000526604056358404,0.0010500133037567583,finetuned,1.0000000536441802,1.0000000804662703,0.9999998807907104,1.0000001192092896,0,-5.364418020903372e-08,-8.046627031355058e-08,-1.341104505225843e-07,lora,0.0010501474142072809
model.layers.4.self_attn.v_proj.weight,0.995146718621254,0.9951162934303284,0.9861403107643129,0.9999379515647888,0,4,v_proj,0.004853281378745966,0.004883706569671631,0.009736987948417597,finetuned,1.000000032782555,0.9999999403953552,0.9999998807907104,1.000000238418579,0,-3.278255489291837e-08,5.960464477539063e-08,2.6822089882472255e-08,lora,0.009736961126327714
model.layers.4.self_attn.o_proj.weight,0.999109423160553,0.9991095960140228,0.9935867190361024,0.9999920129776,0,4,o_proj,0.0008905768394470437,0.0008904039859771729,0.0017809808254242165,finetuned,1.0000000566244125,1.0000001311302185,0.9999999403953552,1.000000238418579,0,-5.662441249221217e-08,-1.3113021846145045e-07,-1.8775463095366263e-07,lora,0.0017811685800551702
model.layers.4.mlp.gate_proj.weight,0.9994885742664336,0.9994987159967422,0.9951778054237366,0.9999893307685852,0,4,gate_proj,0.0005114257335664396,0.0005012840032577737,0.0010127097368242133,finetuned,1.000000074505806,1.0000000208616258,0.9999998807907104,1.000000238418579,0,-7.450580596923828e-08,-2.086162576020456e-08,-9.536743172944284e-08,lora,0.0010128051042559427
model.layers.4.mlp.up_proj.weight,0.6949130147695541,0.6949259907007217,-0.9999251961708068,0.9999794960021972,3,4,up_proj,0.30508698523044586,0.3050740092992783,3.610160994529724,finetuned,1.0000000298023224,1.000000202655792,0.9999995827674866,1.000000238418579,0,-2.9802322387695312e-08,-2.0265579192546568e-07,-2.32458114313161e-07,lora,3.610161226987838
model.layers.4.mlp.down_proj.weight,0.9997644573450089,0.999751842021942,0.9988325834274292,0.999997615814209,0,4,down_proj,0.0002355426549911499,0.00024815797805799455,0.00048370063304914446,finetuned,1.0000000923871994,1.000000110268593,0.9999998807907104,1.0000003576278689,0,-9.238719944626439e-08,-1.102685929232905e-07,-2.026557923695549e-07,lora,0.000483903288841514
model.layers.5.self_attn.q_proj.weight,0.9999072909355164,0.9999088525772096,0.9997233748435974,0.9999910593032836,0,5,q_proj,9.270906448355376e-05,9.114742279037191e-05,0.00018385648727392567,finetuned,1.0000000447034836,1.0000001430511474,0.9999998807907104,1.000000238418579,0,-4.470348358154297e-08,-1.4305114737211966e-07,-1.8775463095366263e-07,lora,0.00018404424190487934
model.layers.5.self_attn.k_proj.weight,0.999836939573288,0.9998330652713776,0.9992495775222778,0.9999910593032836,0,5,k_proj,0.00016306042671199172,0.00016693472862239211,0.00032999515533438384,finetuned,1.000000038743019,1.0000001937150955,0.9999999403953552,1.000000238418579,0,-3.8743019015186064e-08,-1.9371509552001953e-07,-2.324581145352056e-07,lora,0.00033022761344891904
model.layers.5.self_attn.v_proj.weight,0.7979447066783905,0.797929534316063,-0.9973263740539552,0.9992581605911256,2,5,v_proj,0.20205529332160954,0.20207046568393705,2.4041257590055465,finetuned,1.0000000417232513,1.0000000774860385,0.9999998807907104,1.000000238418579,0,-4.1723251298364517e-08,-7.748603847446134e-08,-1.1920928977282585e-07,lora,2.4041258782148365
model.layers.5.self_attn.o_proj.weight,0.5979374647140503,0.5979366064071655,-0.9999487400054932,0.9999921321868896,4,5,o_proj,0.4020625352859497,0.4020633935928345,4.8041259288787845,finetuned,1.0000001281499862,0.999999952316284,0.9999999403953552,1.0000003576278689,0,-1.28149986178272e-07,4.7683715975743723e-08,-8.046627020252828e-08,lora,4.804126009345055
model.layers.5.mlp.gate_proj.weight,0.9999300003051758,0.999937391281128,0.9996777772903442,0.9999917149543762,0,5,gate_proj,6.999969482424095e-05,6.26087188719815e-05,0.00013260841369622245,finetuned,1.0000000208616258,1.0000000774860385,0.9999996423721312,1.0000003576278689,0,-2.086162576020456e-08,-7.748603847446134e-08,-9.83476642346659e-08,lora,0.00013270676136045712
model.layers.5.mlp.up_proj.weight,0.9983654737472534,0.9983849614858628,0.993173360824585,0.9999250769615172,0,5,up_proj,0.0016345262527466264,0.0016150385141372459,0.0032495647668838723,finetuned,1.00000002682209,0.9999997854232788,0.9999997615814208,1.000000238418579,0,-2.682209010451686e-08,2.145767211692018e-07,1.8775463106468493e-07,lora,0.0032493770122528076
model.layers.5.mlp.down_proj.weight,0.9997402757406236,0.99972642660141,0.998823583126068,0.9999968409538268,0,5,down_proj,0.00025972425937637045,0.0002735733985900213,0.0005332976579663917,finetuned,1.0000000774860385,1.0000005900859832,0.9999998807907104,1.000000238418579,0,-7.748603847446134e-08,-5.900859831875493e-07,-6.675720216620107e-07,lora,0.0005339652299880537
model.layers.6.self_attn.q_proj.weight,0.9995879590511322,0.9995917588472366,0.9972721934318542,0.9999889135360718,0,6,q_proj,0.00041204094886782006,0.0004082411527633889,0.000820282101631209,finetuned,1.000000074505806,1.00000019967556,0.9999999403953552,1.000000238418579,0,-7.450580596923828e-08,-1.9967556008637644e-07,-2.741813660556147e-07,lora,0.0008205562829972646
model.layers.6.self_attn.k_proj.weight,0.99932359457016,0.9993207424879074,0.9954630136489868,0.9999906420707704,0,6,k_proj,0.0006764054298400435,0.0006792575120926347,0.0013556629419326782,finetuned,1.000000062584877,1.00000019967556,0.9999998807907104,1.000000238418579,0,-6.258487705856908e-08,-1.9967556008637644e-07,-2.622604371449455e-07,lora,0.0013559252023698232
model.layers.6.self_attn.v_proj.weight,0.7974040269851684,0.7973935276269912,-0.9988877773284912,0.9998979568481444,2,6,v_proj,0.20259597301483157,0.20260647237300877,2.4052024453878404,finetuned,1.00000002682209,1.000000113248825,0.9999998807907104,1.000000238418579,0,-2.682209010451686e-08,-1.1324882498442435e-07,-1.400709150889412e-07,lora,2.4052025854587553
model.layers.6.self_attn.o_proj.weight,0.9999459564685822,0.9999435126781464,0.9998226761817932,0.999995231628418,0,6,o_proj,5.404353141780227e-05,5.6487321853593286e-05,0.00011053085327139556,finetuned,1.0000000208616258,1.0000000536441802,0.9999998807907104,1.0000003576278689,0,-2.086162576020456e-08,-5.364418020903372e-08,-7.450580596923828e-08,lora,0.0001106053590773648
model.layers.6.mlp.gate_proj.weight,0.9998995840549468,0.9999121218919754,0.9996698498725892,0.9999870657920836,0,6,gate_proj,0.0001004159450531672,8.787810802457496e-05,0.00018829405307774216,finetuned,1.0000000536441802,0.9999998837709428,0.9999997615814208,1.0000003576278689,0,-5.364418020903372e-08,1.162290571565805e-07,6.258487694754677e-08,lora,0.00018823146820079462
model.layers.6.mlp.up_proj.weight,0.997960439324379,0.997975817322731,0.9902123212814332,0.9999645948410034,0,6,up_proj,0.002039560675621055,0.002024182677269004,0.004063743352890059,finetuned,1.000000047683716,0.9999999940395355,0.9999998807907104,1.000000238418579,0,-4.7683716086766026e-08,5.960464455334602e-09,-4.1723251631431424e-08,lora,0.0040637850761416905
model.layers.6.mlp.down_proj.weight,0.9995877474546432,0.9995711386203766,0.9985257387161256,0.9999961853027344,0,6,down_proj,0.0004122525453568171,0.0004288613796233909,0.000841113924980208,finetuned,1.0000000447034836,1.0000001788139343,0.9999998807907104,1.000000238418579,0,-4.470348358154297e-08,-1.7881393432617188e-07,-2.2351741790771484e-07,lora,0.0008413374423981157
model.layers.7.self_attn.q_proj.weight,0.8999283581972122,0.8999302804470062,-0.9995035529136658,0.9999943971633912,1,7,q_proj,0.10007164180278783,0.10006971955299382,1.2001413613557816,finetuned,1.0000000447034836,1.0000001639127731,0.9999998211860656,1.000000238418579,0,-4.470348358154297e-08,-1.6391277313232422e-07,-2.086162567138672e-07,lora,1.2001415699720384
model.layers.7.self_attn.k_proj.weight,0.9995763599872588,0.9995748311281204,0.9983192086219788,0.999981164932251,0,7,k_proj,0.0004236400127411999,0.00042516887187959984,0.0008488088846207997,finetuned,1.0000000447034836,1.000000074505806,0.9999998807907104,1.0000001192092896,0,-4.470348358154297e-08,-7.450580596923828e-08,-1.1920928955078125e-07,lora,0.0008489280939103505
model.layers.7.self_attn.v_proj.weight,0.797128427028656,0.7971128314733505,-0.9968113899230956,0.9996747970581056,3,7,v_proj,0.20287157297134395,0.20288716852664945,3.4057587414979933,finetuned,1.0000000298023224,1.000000175833702,0.9999999403953552,1.0000001192092896,0,-2.9802322387695312e-08,-1.7583370204299342e-07,-2.0563602443068874e-07,lora,3.405758947134018
model.layers.7.self_attn.o_proj.weight,0.7995527654886245,0.7995488315820694,-0.9998376965522766,0.9999892115592957,2,7,o_proj,0.20044723451137547,0.20045116841793065,2.400898402929306,finetuned,1.0000000566244125,1.000000074505806,0.9999998807907104,1.0000003576278689,0,-5.662441249221217e-08,-7.450580596923828e-08,-1.3113021846145045e-07,lora,2.4008985340595244
model.layers.7.mlp.gate_proj.weight,0.9998888820409776,0.9999022275209428,0.9995317459106444,0.9999904036521912,0,7,gate_proj,0.00011111795902241095,9.777247905717878e-05,0.00020889043807958974,finetuned,1.000000062584877,1.0000001609325408,0.9999997615814208,1.000000238418579,0,-6.258487705856908e-08,-1.6093254084914577e-07,-2.2351741790771484e-07,lora,0.00020911395549749745
model.layers.7.mlp.up_proj.weight,0.8986894220113755,0.8987053841352463,-0.9996234178543092,0.9999757409095764,1,7,up_proj,0.10131057798862453,0.10129461586475375,1.2026051938533784,finetuned,1.0000000059604646,1.0000000804662703,0.999999701976776,1.000000238418579,0,-5.9604645663569045e-09,-8.046627031355058e-08,-8.642673487990749e-08,lora,1.2026052802801133
model.layers.7.mlp.down_proj.weight,0.999796986579895,0.9997817784547806,0.9993024468421936,0.9999983906745912,0,7,down_proj,0.00020301342010498047,0.0002182215452194436,0.00042123496532442406,finetuned,1.000000032782555,0.9999998092651368,0.9999998211860656,1.000000238418579,0,-3.278255489291837e-08,1.9073486323684108e-07,1.579523083439227e-07,lora,0.00042107701301608014
model.layers.8.self_attn.q_proj.weight,0.9997539550065996,0.9997558921575548,0.9987128973007202,0.9999990463256836,0,8,q_proj,0.0002460449934004183,0.0002441078424452181,0.0004901528358456364,finetuned,1.0000000536441802,1.0000000715255737,0.9999998211860656,1.000000238418579,0,-5.364418020903372e-08,-7.152557368605983e-08,-1.2516975389509355e-07,lora,0.0004902780055995315
model.layers.8.self_attn.k_proj.weight,0.9990157812833786,0.9990133911371232,0.9911397099494934,0.9999992847442628,0,8,k_proj,0.0009842187166213545,0.0009866088628768255,0.00197082757949818,finetuned,1.000000050663948,1.000000125169754,0.9999998807907104,1.000000238418579,0,-5.066394792585527e-08,-1.2516975389509355e-07,-1.7583370182094882e-07,lora,0.001971003413200001
model.layers.8.self_attn.v_proj.weight,0.8932196795940399,0.8932135850191116,-0.9998601078987122,0.9996013045310974,1,8,v_proj,0.10678032040596008,0.10678641498088837,1.2135667353868484,finetuned,1.000000038743019,0.999999952316284,0.9999998211860656,1.0000001192092896,0,-3.8743019015186064e-08,4.7683715975743723e-08,8.940696960557659e-09,lora,1.2135667264461514
model.layers.8.self_attn.o_proj.weight,0.9995730310678482,0.9995721191167832,0.9984369277954102,0.9999911785125732,0,8,o_proj,0.00042696893215177223,0.0004278808832167691,0.0008548498153685413,finetuned,1.000000110268593,1.0000001311302185,0.9999999403953552,1.0000003576278689,0,-1.102685929232905e-07,-1.3113021846145045e-07,-2.4139881138474095e-07,lora,0.0008550912141799261
model.layers.8.mlp.gate_proj.weight,0.899911767244339,0.8999240666627883,-0.9999520778656006,0.999989926815033,1,8,gate_proj,0.10008823275566103,0.10007593333721165,1.2001641660928728,finetuned,1.000000062584877,1.0000001430511474,0.9999998211860656,1.000000238418579,0,-6.258487705856908e-08,-1.4305114737211966e-07,-2.0563602443068874e-07,lora,1.2001643717288972
model.layers.8.mlp.up_proj.weight,0.9988893181085586,0.9989110887050628,0.9971975088119508,0.9999567270278932,0,8,up_proj,0.0011106818914413674,0.001088911294937156,0.0021995931863785234,finetuned,1.0000000208616258,1.0000000685453414,0.9999997615814208,1.0000003576278689,0,-2.086162576020456e-08,-6.854534140288138e-08,-8.940696716308594e-08,lora,0.0021996825933456865
model.layers.8.mlp.down_proj.weight,0.9967741549015046,0.9967618346214294,0.9685559272766112,0.9999982714653016,0,8,down_proj,0.003225845098495439,0.003238165378570579,0.006464010477066018,finetuned,1.000000038743019,1.000000184774399,0.9999999403953552,1.0000001192092896,0,-3.8743019015186064e-08,-1.8477439889252878e-07,-2.2351741790771484e-07,lora,0.0064642339944839255
model.layers.9.self_attn.q_proj.weight,0.8999526858329773,0.8999553203582764,-0.9990988969802856,0.9999949932098388,1,9,q_proj,0.10004731416702273,0.10004467964172359,1.2000919938087464,finetuned,1.0000000536441802,1.0000000029802325,0.9999998211860656,1.000000238418579,0,-5.364418020903372e-08,-2.980232505223057e-09,-5.662441271425678e-08,lora,1.2000920504331591
model.layers.9.self_attn.k_proj.weight,0.9998415499925614,0.9998373478651048,0.9993218183517456,0.9999915957450868,0,9,k_proj,0.00015845000743863746,0.00016265213489519148,0.00032110214233382894,finetuned,1.0000000715255737,1.0000001430511474,0.9999999403953552,1.000000238418579,0,-7.152557368605983e-08,-1.4305114737211966e-07,-2.145767210581795e-07,lora,0.0003213167190548871
model.layers.9.self_attn.v_proj.weight,0.7968018829822541,0.7967886209487915,-0.9982054233551024,0.9999794363975524,2,9,v_proj,0.20319811701774593,0.20321137905120845,2.4064094960689544,finetuned,1.0000000596046448,1.0000001221895218,0.9999999403953552,1.000000238418579,0,-5.960464477539063e-08,-1.221895218339597e-07,-1.8179416660935033e-07,lora,2.406409677863121
model.layers.9.self_attn.o_proj.weight,0.9997962534427642,0.9997928857803344,0.9990928769111632,0.9999918937683104,0,9,o_proj,0.00020374655723576218,0.00020711421966557175,0.00041086077690133394,finetuned,1.000000011920929,1.000000110268593,0.9999998807907104,1.0000001192092896,0,-1.1920928910669204e-08,-1.102685929232905e-07,-1.221895218339597e-07,lora,0.0004109829664231679
model.layers.9.mlp.gate_proj.weight,0.9999036699533462,0.9999183148145676,0.9997023344039916,0.9999898076057434,0,9,gate_proj,9.633004665376976e-05,8.168518543238967e-05,0.00017801523208615944,finetuned,1.000000011920929,1.0000001579523086,0.9999996423721312,1.000000238418579,0,-1.1920928910669204e-08,-1.5795230856596731e-07,-1.6987323747663652e-07,lora,0.00017818510532363607
model.layers.9.mlp.up_proj.weight,0.9987296104431151,0.998749268054962,0.9918548464775084,0.999962329864502,0,9,up_proj,0.0012703895568848544,0.0012507319450379972,0.0025211215019228517,finetuned,1.0000000804662703,0.9999999970197676,0.9999997615814208,1.0000004768371582,0,-8.046627031355058e-08,2.9802323942007547e-09,-7.748603791934983e-08,lora,0.002521198987960771
model.layers.9.mlp.down_proj.weight,-0.2996695011854172,-0.2996651738882064,-0.9999133348464966,0.999998152256012,13,9,down_proj,1.2996695011854171,1.2996651738882063,15.599334675073624,finetuned,1.000000125169754,1.0000001937150955,0.9999998807907104,1.000000238418579,0,-1.2516975389509355e-07,-1.9371509552001953e-07,-3.188848494151131e-07,lora,15.599334993958474
model.layers.10.self_attn.q_proj.weight,0.9998397678136826,0.99984190762043,0.9993059635162354,0.9999918937683104,0,10,q_proj,0.00016023218631744385,0.00015809237956998512,0.00031832456588742897,finetuned,1.000000047683716,1.0000000834465026,0.9999998211860656,1.000000238418579,0,-4.7683716086766026e-08,-8.344650259672903e-08,-1.3113021868349506e-07,lora,0.00031845569610611246
model.layers.10.self_attn.k_proj.weight,0.999904438853264,0.9999013602733612,0.9995574951171876,0.9999958276748656,0,10,k_proj,9.5561146736034e-05,9.863972663881615e-05,0.00019420087337485015,finetuned,1.0000000655651091,0.9999999076128006,0.9999999403953552,1.0000001192092896,0,-6.556510911970292e-08,9.238719944626439e-08,2.6822090326561465e-08,lora,0.00019417405128452359
model.layers.10.self_attn.v_proj.weight,0.3971384048461914,0.3971348375082016,-0.99977844953537,0.9989376664161682,6,10,v_proj,0.6028615951538085,0.6028651624917984,7.205726757645607,finetuned,1.0000000447034836,1.0000000149011612,0.9999998807907104,1.000000238418579,0,-4.470348358154297e-08,-1.4901161193847656e-08,-5.960464477539063e-08,lora,7.205726817250252
model.layers.10.self_attn.o_proj.weight,0.6995470225811005,0.6995440065860749,-0.999986469745636,0.9999908804893494,3,10,o_proj,0.30045297741889954,0.30045599341392515,3.600908970832825,finetuned,1.000000062584877,1.0000000715255737,0.9999998807907104,1.000000238418579,0,-6.258487705856908e-08,-7.152557368605983e-08,-1.341104507446289e-07,lora,3.6009091049432755
model.layers.10.mlp.gate_proj.weight,0.8999576926231384,0.8999698907136917,-0.999960482120514,0.999990463256836,1,10,gate_proj,0.1000423073768616,0.10003010928630829,1.2000724166631698,finetuned,0.9999999821186064,1.0000001311302185,0.9999998211860656,1.000000238418579,0,1.788139358804841e-08,-1.3113021846145045e-07,-1.1324882487340204e-07,lora,1.2000725299119948
model.layers.10.mlp.up_proj.weight,0.7986395478248596,0.7986579209566116,-0.9993162155151368,0.9999746084213256,2,10,up_proj,0.20136045217514043,0.2013420790433884,2.402702531218529,finetuned,1.0000000655651091,1.000000274181366,0.9999998211860656,1.000000238418579,0,-6.556510911970292e-08,-2.741813660556147e-07,-3.3974647517531764e-07,lora,2.402702870965004
model.layers.10.mlp.down_proj.weight,0.9999209225177764,0.9999051034450532,0.99965238571167,0.9999989867210388,0,10,down_proj,7.907748222357736e-05,9.489655494676619e-05,0.00017397403717034354,finetuned,1.0000000566244125,1.0000001639127731,0.9999998211860656,1.000000238418579,0,-5.662441249221217e-08,-1.6391277313232422e-07,-2.205371856245364e-07,lora,0.00017419457435596808
model.layers.11.self_attn.q_proj.weight,0.9994979292154312,0.9994992792606354,0.9966042041778564,0.9999980330467224,0,11,q_proj,0.0005020707845687644,0.0005007207393645796,0.001002791523933344,finetuned,1.0000000953674315,1.0000001698732377,0.9999998807907104,1.000000238418579,0,-9.536743150739824e-08,-1.6987323769868112e-07,-2.6524066920607936e-07,lora,0.0010030567646025501
model.layers.11.self_attn.k_proj.weight,0.0996489584445953,0.0996493071317672,-0.9999268054962158,0.999939262866974,9,11,k_proj,0.9003510415554047,0.9003506928682328,10.800701734423637,finetuned,1.0000000596046448,1.0000000983476638,0.9999998807907104,1.000000238418579,0,-5.960464477539063e-08,-9.834766379057669e-08,-1.5795230856596731e-07,lora,10.800701892375946
model.layers.11.self_attn.v_proj.weight,0.9989998996257782,0.9989896237850188,0.9972686171531676,0.9998827576637268,0,11,v_proj,0.001000100374221824,0.0010103762149812345,0.0020104765892030585,finetuned,1.0000000178813937,1.0000000894069672,0.9999998807907104,1.0000001192092896,0,-1.7881393699070713e-08,-8.940696716308594e-08,-1.0728836086215665e-07,lora,0.0020105838775639207
model.layers.11.self_attn.o_proj.weight,0.9999004781246186,0.999899050593376,0.9991201162338256,0.999999225139618,0,11,o_proj,9.952187538142532e-05,0.00010094940662397356,0.00020047128200539888,finetuned,1.0000000894069672,1.000000050663948,0.9999999403953552,1.000000238418579,0,-8.940696716308594e-08,-5.066394792585527e-08,-1.400709150889412e-07,lora,0.00020061135292048782
model.layers.11.mlp.gate_proj.weight,0.9998989135026932,0.9999138116836548,0.9995856881141664,0.9999892115592957,0,11,gate_proj,0.00010108649730677932,8.618831634521484e-05,0.00018727481365199417,finetuned,1.0000000953674315,1.0000000804662703,0.9999999403953552,1.000000238418579,0,-9.536743150739824e-08,-8.046627031355058e-08,-1.7583370182094882e-07,lora,0.00018745064735381511
model.layers.11.mlp.up_proj.weight,0.5984622478485108,0.5984770715236664,-0.999958634376526,0.9998497366905212,4,11,up_proj,0.40153775215148924,0.40152292847633364,4.803060680627823,finetuned,1.000000038743019,1.0000001430511474,0.9999996423721312,1.000000238418579,0,-3.8743019015186064e-08,-1.4305114737211966e-07,-1.8179416638730572e-07,lora,4.803060862421989
model.layers.11.mlp.down_proj.weight,0.8998631715774537,0.8998507916927337,-0.9999933242797852,0.999998927116394,1,11,down_proj,0.10013682842254634,0.10014920830726626,1.2002860367298127,finetuned,1.000000050663948,1.0000000864267349,0.9999998211860656,1.000000238418579,0,-5.066394792585527e-08,-8.642673487990749e-08,-1.3709068280576275e-07,lora,1.2002861738204955
model.layers.12.self_attn.q_proj.weight,0.9999239891767502,0.999925720691681,0.9997312426567078,0.9999927282333374,0,12,q_proj,7.60108232498169e-05,7.427930831904739e-05,0.00015029013156886428,finetuned,1.0000000238418578,1.0000001221895218,0.9999998807907104,1.000000238418579,0,-2.3841857821338408e-08,-1.221895218339597e-07,-1.460313796552981e-07,lora,0.00015043616294851958
model.layers.12.self_attn.k_proj.weight,0.9998163908720016,0.999812099337578,0.9989691972732544,0.9999986290931702,0,12,k_proj,0.00018360912799841866,0.00018790066242202474,0.0003715097904204434,finetuned,1.0000000417232513,1.0000001907348632,0.9999999403953552,1.000000238418579,0,-4.1723251298364517e-08,-1.9073486323684108e-07,-2.324581145352056e-07,lora,0.0003717422485349786
model.layers.12.self_attn.v_proj.weight,0.9985391497612,0.9985228508710862,0.9938996434211732,0.9999470710754396,0,12,v_proj,0.0014608502388000488,0.001477149128913835,0.002937999367713884,finetuned,1.000000050663948,1.0000000655651091,0.9999999403953552,1.000000238418579,0,-5.066394792585527e-08,-6.556510911970292e-08,-1.1622905704555819e-07,lora,0.0029381155967709294
model.layers.12.self_attn.o_proj.weight,0.999513790011406,0.9995071947574616,0.9977984428405762,0.9999710321426392,0,12,o_proj,0.0004862099885940552,0.0004928052425383633,0.0009790152311324185,finetuned,1.000000038743019,1.000000011920929,0.9999998211860656,1.000000238418579,0,-3.8743019015186064e-08,-1.1920928910669204e-08,-5.066394792585527e-08,lora,0.0009790658950803444
model.layers.12.mlp.gate_proj.weight,0.9999380856752396,0.9999511510133744,0.9998047947883606,0.9999920129776,0,12,gate_proj,6.191432476043701e-05,4.884898662560477e-05,0.00011076331138604179,finetuned,1.000000047683716,0.9999999940395355,0.9999997615814208,1.0000003576278689,0,-4.7683716086766026e-08,5.960464455334602e-09,-4.1723251631431424e-08,lora,0.00011080503463767322
model.layers.12.mlp.up_proj.weight,0.9997129917144776,0.9997342854738236,0.999146282672882,0.9999629855155944,0,12,up_proj,0.00028700828552241653,0.00026571452617640823,0.0005527228116988248,finetuned,1.0000000089406966,1.0000001549720765,0.9999997615814208,1.000000238418579,0,-8.940696627490752e-09,-1.5497207650483347e-07,-1.6391277313232422e-07,lora,0.0005528867244719571
model.layers.12.mlp.down_proj.weight,0.8999080240726471,0.899896439909935,-0.999984323978424,0.9999986290931702,1,12,down_proj,0.10009197592735286,0.10010356009006505,1.200195536017418,finetuned,1.000000038743019,1.0000002712011338,0.9999998807907104,1.000000238418579,0,-3.8743019015186064e-08,-2.7120113377243626e-07,-3.0994415278762233e-07,lora,1.2001958459615707
model.layers.13.self_attn.q_proj.weight,0.9998976975679398,0.9998990565538406,0.999750792980194,0.9999850988388062,0,13,q_proj,0.0001023024320602195,0.0001009434461594072,0.0002032458782196267,finetuned,1.000000035762787,1.0000000685453414,0.9999999403953552,1.000000238418579,0,-3.576278695405222e-08,-6.854534140288138e-08,-1.043081283569336e-07,lora,0.00020335018634798363
model.layers.13.self_attn.k_proj.weight,0.9933476030826568,0.9933458060026168,0.9344481229782104,0.999990463256836,0,13,k_proj,0.006652396917343206,0.0066541939973832065,0.013306590914726413,finetuned,1.0000000566244125,1.0000000864267349,0.9999999403953552,1.000000238418579,0,-5.662441249221217e-08,-8.642673487990749e-08,-1.4305114737211966e-07,lora,0.013306733965873785
model.layers.13.self_attn.v_proj.weight,0.8993348449468612,0.8993226975202561,-0.9990061521530152,0.9999090433120728,1,13,v_proj,0.10066515505313878,0.10067730247974394,1.2013424575328826,finetuned,1.0000000685453414,1.0000001817941666,0.9999999403953552,1.000000238418579,0,-6.854534140288138e-08,-1.8179416660935033e-07,-2.503395080122317e-07,lora,1.2013427078723906
model.layers.13.self_attn.o_proj.weight,0.9998698085546494,0.9998637050390244,0.9994574189186096,0.9999939203262328,0,13,o_proj,0.00013019144535064697,0.00013629496097555815,0.00026648640632620513,finetuned,1.0000000566244125,1.0000001549720765,0.9999998807907104,1.000000238418579,0,-5.662441249221217e-08,-1.5497207650483347e-07,-2.1159648899704564e-07,lora,0.0002666980028152022
model.layers.13.mlp.gate_proj.weight,-0.0999387055635452,-0.099941274523735,-0.999954104423523,0.9999910593032836,11,13,gate_proj,1.0999387055635452,1.099941274523735,13.19987998008728,finetuned,1.0000000655651091,1.000000101327896,0.9999998807907104,1.000000238418579,0,-6.556510911970292e-08,-1.0132789607375514e-07,-1.6689300519345807e-07,lora,13.199880146980284
model.layers.13.mlp.up_proj.weight,0.9997331410646438,0.9997511595487596,0.999143123626709,0.9999759197235109,0,13,up_proj,0.00026685893535616234,0.0002488404512404063,0.0005156993865965687,finetuned,1.000000062584877,1.000000062584877,0.9999998807907104,1.0000003576278689,0,-6.258487705856908e-08,-6.258487705856908e-08,-1.2516975411713815e-07,lora,0.0005158245563506858
model.layers.13.mlp.down_proj.weight,0.9996558606624604,0.9996413856744766,0.9971987009048462,0.999997854232788,0,13,down_proj,0.00034413933753962844,0.0003586143255234209,0.0007027536630630493,finetuned,1.0000000566244125,1.0000004321336746,0.9999998807907104,1.000000238418579,0,-5.662441249221217e-08,-4.3213367462158203e-07,-4.887580871137942e-07,lora,0.0007032424211501631
model.layers.14.self_attn.q_proj.weight,0.8998507648706436,0.8998513013124466,-0.9998786449432372,0.9999961853027344,1,14,q_proj,0.10014923512935636,0.10014869868755338,1.2002979338169097,finetuned,1.0000000536441802,1.0000000566244125,0.9999998211860656,1.000000238418579,0,-5.364418020903372e-08,-5.662441249221217e-08,-1.1026859270124589e-07,lora,1.2002980440855024
model.layers.14.self_attn.k_proj.weight,0.9992683500051498,0.9992612272500992,0.9936748743057252,0.9999982118606568,0,14,k_proj,0.0007316499948502031,0.0007387727499007513,0.0014704227447509544,finetuned,1.0000000536441802,0.9999999374151228,1.0,1.0000001192092896,0,-5.364418020903372e-08,6.258487716959138e-08,8.940696960557659e-09,lora,0.0014704138040539938
model.layers.14.self_attn.v_proj.weight,0.9983942747116088,0.9983886808156968,0.9947547912597656,0.9999210834503174,0,14,v_proj,0.001605725288391202,0.0016113191843032393,0.0032170444726944414,finetuned,1.0000000238418578,1.000000149011612,0.9999998807907104,1.0000001192092896,0,-2.3841857821338408e-08,-1.4901161193847656e-07,-1.7285346975981497e-07,lora,0.003217217326164201
model.layers.14.self_attn.o_proj.weight,0.9964935600757598,0.9964898526668547,0.9658771753311156,0.9999879002571106,0,14,o_proj,0.0035064399242401567,0.0035101473331452526,0.007016587257385409,finetuned,1.000000038743019,1.0000001460313797,0.9999998807907104,1.000000238418579,0,-3.8743019015186064e-08,-1.460313796552981e-07,-1.8477439867048417e-07,lora,0.00701677203178408
model.layers.14.mlp.gate_proj.weight,0.9998820126056672,0.9998969674110412,0.9994712471961976,0.9999902248382568,0,14,gate_proj,0.00011798739433277472,0.00010303258895882905,0.00022101998329160377,finetuned,1.0000000715255737,1.0000000059604646,0.9999998211860656,1.000000238418579,0,-7.152557368605983e-08,-5.9604645663569045e-09,-7.748603825241673e-08,lora,0.0002210974693298562
model.layers.14.mlp.up_proj.weight,0.9996309220790864,0.9996487885713576,0.9982900023460388,0.99997878074646,0,14,up_proj,0.00036907792091356306,0.00035121142864236177,0.0007202893495559248,finetuned,1.0000000655651091,0.9999999552965164,0.9999998211860656,1.000000238418579,0,-6.556510911970292e-08,4.470348358154297e-08,-2.0861625538159956e-08,lora,0.000720310211181463
model.layers.14.mlp.down_proj.weight,0.8998178213834762,0.8998040735721589,-0.999955952167511,0.9999979734420776,1,14,down_proj,0.10018217861652379,0.10019592642784114,1.200378105044365,finetuned,1.00000002682209,1.0000004172325134,0.9999997615814208,1.000000238418579,0,-2.682209010451686e-08,-4.172325134277344e-07,-4.4405460353225124e-07,lora,1.2003785490989685
model.layers.15.self_attn.q_proj.weight,0.999835878610611,0.999838164448738,0.9990967512130736,0.9999947547912598,0,15,q_proj,0.00016412138938903809,0.00016183555126203508,0.00032595694065107317,finetuned,1.00000002682209,1.00000019967556,0.9999998807907104,1.000000238418579,0,-2.682209010451686e-08,-1.9967556008637644e-07,-2.264976501908933e-07,lora,0.00032618343830126406
model.layers.15.self_attn.k_proj.weight,0.9997425734996797,0.999740132689476,0.9988731145858764,0.9999793767929076,0,15,k_proj,0.00025742650032034575,0.0002598673105239646,0.0005172938108443104,finetuned,1.000000062584877,0.9999999850988388,0.9999999403953552,1.000000238418579,0,-6.258487705856908e-08,1.4901161193847656e-08,-4.768371586472142e-08,lora,0.0005173414945601751
model.layers.15.self_attn.v_proj.weight,0.1989514172077179,0.198950982093811,-0.999893069267273,0.9999758005142212,8,15,v_proj,0.8010485827922821,0.801049017906189,9.602097600698471,finetuned,1.000000062584877,0.9999999642372132,0.9999998807907104,1.000000238418579,0,-6.258487705856908e-08,3.5762786843029915e-08,-2.6822090215539163e-08,lora,9.60209762752056
model.layers.15.self_attn.o_proj.weight,0.9997677266597748,0.999765032529831,0.9979299902915956,0.9999988079071044,0,15,o_proj,0.00023227334022524193,0.00023496747016904518,0.0004672408103942871,finetuned,1.0000000566244125,1.0000000685453414,0.9999998211860656,1.0000003576278689,0,-5.662441249221217e-08,-6.854534140288138e-08,-1.2516975389509355e-07,lora,0.0004673659801481822
model.layers.15.mlp.gate_proj.weight,0.9996200650930404,0.9996339052915572,0.9985270500183104,0.9999926686286926,0,15,gate_proj,0.0003799349069596447,0.0003660947084428434,0.0007460296154024881,finetuned,1.0000000089406966,1.000000011920929,0.9999998807907104,1.000000238418579,0,-8.940696627490752e-09,-1.1920928910669204e-08,-2.0861625538159956e-08,lora,0.0007460504770280263
model.layers.15.mlp.up_proj.weight,0.9994895696640016,0.9995056301355362,0.997954249382019,0.9999736547470092,0,15,up_proj,0.0005104303359984019,0.0004943698644638284,0.0010048002004622303,finetuned,1.0000000536441802,1.0000000566244125,0.9999997615814208,1.000000238418579,0,-5.364418020903372e-08,-5.662441249221217e-08,-1.1026859270124589e-07,lora,0.0010049104690549315
model.layers.15.mlp.down_proj.weight,0.9998646020889282,0.999852842092514,0.9993091821670532,0.9999955892562866,0,15,down_proj,0.00013539791107175514,0.00014715790748598412,0.00028255581855773926,finetuned,1.0000000566244125,1.0000006049871444,0.9999998807907104,1.000000238418579,0,-5.662441249221217e-08,-6.04987144381397e-07,-6.616115568736092e-07,lora,0.00028321743011461287
model.layers.16.self_attn.q_proj.weight,0.999835067987442,0.9998356997966766,0.999264121055603,0.9999972581863404,0,16,q_proj,0.0001649320125579612,0.00016430020332336426,0.00032923221588132545,finetuned,1.000000050663948,1.0000000059604646,0.9999997615814208,1.000000238418579,0,-5.066394792585527e-08,-5.9604645663569045e-09,-5.662441249221217e-08,lora,0.00032928884029381766
model.layers.16.self_attn.k_proj.weight,-0.3999772369861603,-0.3999739497900009,-0.9999923706054688,0.9999972581863404,14,16,k_proj,1.3999772369861603,1.399973949790001,16.799951186776163,finetuned,1.0000000596046448,1.000000062584877,0.9999999403953552,1.000000238418579,0,-5.960464477539063e-08,-6.258487705856908e-08,-1.221895218339597e-07,lora,16.799951308965685
model.layers.16.self_attn.v_proj.weight,0.9988315254449844,0.9988141149282456,0.9949679374694824,0.99996155500412,0,16,v_proj,0.001168474555015564,0.0011858850717544334,0.0023543596267699973,finetuned,1.000000035762787,1.0000001162290573,0.9999998807907104,1.000000238418579,0,-3.576278695405222e-08,-1.162290572676028e-07,-1.5199184422165501e-07,lora,0.002354511618614219
model.layers.16.self_attn.o_proj.weight,0.8998239219188691,0.8998242557048798,-0.9996150732040404,0.999979853630066,1,16,o_proj,0.10017607808113094,0.10017574429512022,1.200351822376251,finetuned,1.000000038743019,1.0000000447034836,0.9999997615814208,1.0000003576278689,0,-3.8743019015186064e-08,-4.470348358154297e-08,-8.344650259672903e-08,lora,1.2003519058227536
model.layers.16.mlp.gate_proj.weight,0.6997839003801346,0.6997920036315918,-0.99998676776886,0.9999914765357972,3,16,gate_proj,0.3002160996198654,0.3002079963684082,3.6004240959882736,finetuned,1.000000074505806,1.0000000596046448,0.9999997615814208,1.000000238418579,0,-7.450580596923828e-08,-5.960464477539063e-08,-1.341104507446289e-07,lora,3.6004242300987244
model.layers.16.mlp.up_proj.weight,0.8995912700891495,0.8996043682098389,-0.999710202217102,0.9999866485595704,1,16,up_proj,0.10040872991085048,0.10039563179016109,1.2008043617010116,finetuned,1.0000001072883606,0.9999999314546584,0.9999998807907104,1.0000003576278689,0,-1.0728836064011205e-07,6.854534162492598e-08,-3.8743019015186064e-08,lora,1.2008044004440306
model.layers.16.mlp.down_proj.weight,0.9973373860120772,0.9973275005817414,0.9853396415710448,0.9999926686286926,0,16,down_proj,0.0026626139879227795,0.002672499418258645,0.005335113406181424,finetuned,1.0000000834465026,0.9999998450279236,1.0,1.000000238418579,0,-8.344650259672903e-08,1.5497207639381116e-07,7.152557379708213e-08,lora,0.005335041880607627
model.layers.17.self_attn.q_proj.weight,0.999927455186844,0.99992698431015,0.999670386314392,0.9999985694885254,0,17,q_proj,7.25448131559947e-05,7.301568984996454e-05,0.00014556050300595924,finetuned,1.000000035762787,1.000000184774399,0.9999998807907104,1.000000238418579,0,-3.576278695405222e-08,-1.8477439889252878e-07,-2.20537185846581e-07,lora,0.00014578104019180582
model.layers.17.self_attn.k_proj.weight,0.999925509095192,0.999920842051506,0.999760091304779,0.9999986886978148,0,17,k_proj,7.449090480804443e-05,7.915794849400193e-05,0.00015364885330204636,finetuned,1.00000002682209,1.0000001549720765,0.9999998807907104,1.000000238418579,0,-2.682209010451686e-08,-1.5497207650483347e-07,-1.8179416660935033e-07,lora,0.0001538306474686557
model.layers.17.self_attn.v_proj.weight,0.8997789323329926,0.8997684061527252,-0.9992325901985168,0.9999887943267822,1,17,v_proj,0.10022106766700745,0.10023159384727476,1.2004526615142823,finetuned,1.0000000447034836,1.0000000447034836,0.9999998807907104,1.000000238418579,0,-4.470348358154297e-08,-4.470348358154297e-08,-8.940696716308594e-08,lora,1.2004527509212495
model.layers.17.self_attn.o_proj.weight,-0.1000408470630645,-0.1000406086444854,-0.9999443292617798,0.9999850988388062,11,17,o_proj,1.1000408470630645,1.1000406086444854,13.20008145570755,finetuned,1.0000000536441802,1.0000001072883606,0.9999998807907104,1.000000238418579,0,-5.364418020903372e-08,-1.0728836064011205e-07,-1.6093254084914577e-07,lora,13.200081616640091
model.layers.17.mlp.gate_proj.weight,0.8997966021299362,0.8998072296380997,-0.9998759031295776,0.9999890327453612,1,17,gate_proj,0.10020339787006383,0.10019277036190033,1.2003961682319642,finetuned,1.0000000447034836,0.9999999970197676,0.9999998211860656,1.0000003576278689,0,-4.470348358154297e-08,2.9802323942007547e-09,-4.1723251187342214e-08,lora,1.2003962099552155
model.layers.17.mlp.up_proj.weight,0.9992166429758071,0.9992314100265502,0.9963988661766052,0.9999785423278807,0,17,up_proj,0.0007833570241928545,0.0007685899734497514,0.001551946997642606,finetuned,1.0000000447034836,1.0000000804662703,0.9999998807907104,1.000000238418579,0,-4.470348358154297e-08,-8.046627031355058e-08,-1.2516975389509355e-07,lora,0.001552072167396501
model.layers.17.mlp.down_proj.weight,0.4996803849935531,0.4996751606464386,-0.9999885559082032,0.9999951720237732,5,17,down_proj,0.5003196150064468,0.5003248393535614,6.000644454360009,finetuned,1.000000047683716,1.00000039935112,0.9999998807907104,1.000000238418579,0,-4.7683716086766026e-08,-3.9935111995070827e-07,-4.470348360374743e-07,lora,6.000644901394844
model.layers.18.self_attn.q_proj.weight,0.9998983860015868,0.9998989343643188,0.999681830406189,0.999996781349182,0,18,q_proj,0.00010161399841324137,0.00010106563568124116,0.00020267963409448253,finetuned,1.0000000923871994,0.9999998539686203,0.9999998807907104,1.000000238418579,0,-9.238719944626439e-08,1.460313796552981e-07,5.364418020903372e-08,lora,0.0002026259899142735
model.layers.18.self_attn.k_proj.weight,0.0999440282583236,0.0999449521303176,-0.9999884366989136,0.9999943971633912,9,18,k_proj,0.9000559717416764,0.9000550478696824,10.800111019611359,finetuned,1.0000000238418578,1.0000000149011612,0.9999998211860656,1.0000001192092896,0,-2.3841857821338408e-08,-1.4901161193847656e-08,-3.8743019015186064e-08,lora,10.800111058354378
model.layers.18.self_attn.v_proj.weight,0.9985152214765548,0.9985067456960678,0.9895584583282472,0.9999855756759644,0,18,v_proj,0.001484778523445196,0.0014932543039322121,0.002978032827377408,finetuned,1.000000047683716,0.9999999672174452,0.9999998807907104,1.000000238418579,0,-4.7683716086766026e-08,3.278255478189607e-08,-1.490116130486996e-08,lora,0.002978047728538713
model.layers.18.self_attn.o_proj.weight,0.9997964203357697,0.9997949689626694,0.9991556406021118,0.9999949932098388,0,18,o_proj,0.00020357966423034668,0.00020503103733060524,0.0004086107015609519,finetuned,1.0000000417232513,1.0000000208616258,0.9999998807907104,1.000000238418579,0,-4.1723251298364517e-08,-2.086162576020456e-08,-6.258487705856908e-08,lora,0.0004086732864380105
model.layers.18.mlp.gate_proj.weight,0.9998842686414718,0.9998972386121748,0.9995881915092468,0.9999837875366212,0,18,gate_proj,0.00011573135852815941,0.00010276138782516764,0.00021849274635332705,finetuned,1.0000000804662703,1.0000001579523086,0.9999998807907104,1.0000003576278689,0,-8.046627031355058e-08,-1.5795230856596731e-07,-2.384185788795179e-07,lora,0.00021873116493220657
model.layers.18.mlp.up_proj.weight,0.9993769526481628,0.9993904829025269,0.9978983402252196,0.9999821782112122,0,18,up_proj,0.0006230473518371582,0.0006095170974731445,0.0012325644493103027,finetuned,1.0000000596046448,0.9999999850988388,0.9999997615814208,1.000000238418579,0,-5.960464477539063e-08,1.4901161193847656e-08,-4.470348358154297e-08,lora,0.0012326091527938843
model.layers.18.mlp.down_proj.weight,0.999796724319458,0.9997845083475112,0.9989275932312012,0.9999949932098388,0,18,down_proj,0.0002032756805420144,0.00021549165248879731,0.0004187673330308117,finetuned,1.0000000596046448,1.0000003397464752,0.9999998807907104,1.000000238418579,0,-5.960464477539063e-08,-3.3974647517531764e-07,-3.9935111995070827e-07,lora,0.0004191666841507624
model.layers.19.self_attn.q_proj.weight,0.8999547928571701,0.8999555677175521,-0.9995854496955872,0.9999974370002748,1,19,q_proj,0.10004520714282994,0.10004443228244786,1.2000896394252778,finetuned,1.0000000089406966,1.000000074505806,0.9999997615814208,1.000000238418579,0,-8.940696627490752e-09,-7.450580596923828e-08,-8.344650259672903e-08,lora,1.2000897228717804
model.layers.19.self_attn.k_proj.weight,0.4000024318695068,0.4000013560056686,-0.9999579191207886,0.9999933242797852,6,19,k_proj,0.5999975681304932,0.5999986439943314,7.199996212124825,finetuned,1.000000035762787,1.0000000596046448,0.9999998807907104,1.000000238418579,0,-3.576278695405222e-08,-5.960464477539063e-08,-9.536743172944284e-08,lora,7.199996307492256
model.layers.19.self_attn.v_proj.weight,-0.293419662117958,-0.293414443731308,-0.9997089505195618,0.9999902248382568,13,19,v_proj,1.293419662117958,1.293414443731308,15.586834105849267,finetuned,1.0000000447034836,1.0000001788139343,0.9999998807907104,1.000000238418579,0,-4.470348358154297e-08,-1.7881393432617188e-07,-2.2351741790771484e-07,lora,15.586834329366685
model.layers.19.self_attn.o_proj.weight,0.9996037423610687,0.99960258603096,0.9985204339027404,0.999990701675415,0,19,o_proj,0.0003962576389312522,0.000397413969040028,0.0007936716079712802,finetuned,1.000000038743019,0.9999998807907104,0.9999998211860656,1.000000238418579,0,-3.8743019015186064e-08,1.1920928955078125e-07,8.046627053559519e-08,lora,0.0007935911417007446
model.layers.19.mlp.gate_proj.weight,0.9998947352170944,0.9999079525470732,0.9997459650039672,0.9999889135360718,0,19,gate_proj,0.00010526478290562302,9.204745292679117e-05,0.0001973122358324142,finetuned,1.0000000923871994,1.000000032782555,0.9999998807907104,1.0000003576278689,0,-9.238719944626439e-08,-3.278255489291837e-08,-1.2516975433918276e-07,lora,0.00019743740558675338
model.layers.19.mlp.up_proj.weight,0.9995149105787278,0.999528107047081,0.9982215762138368,0.9999867081642152,0,19,up_proj,0.0004850894212722334,0.00047189295291905076,0.0009569823741912842,finetuned,1.0000000804662703,1.000000038743019,0.9999998807907104,1.0000003576278689,0,-8.046627031355058e-08,-3.8743019015186064e-08,-1.1920928932873665e-07,lora,0.0009571015834806129
model.layers.19.mlp.down_proj.weight,0.9993153661489488,0.9993048399686814,0.994775891304016,0.9999934434890748,0,19,down_proj,0.0006846338510512195,0.0006951600313186423,0.0013797938823698619,finetuned,1.0000000059604646,1.0000006020069123,0.9999998807907104,1.000000238418579,0,-5.9604645663569045e-09,-6.020069123202632e-07,-6.079673768866201e-07,lora,0.0013804018497467485
model.layers.20.self_attn.q_proj.weight,0.7999504446983338,0.7999495923519134,-0.9999518394470216,0.9999971985816956,2,20,q_proj,0.20004955530166624,0.20005040764808657,2.400099962949753,finetuned,1.0000000149011612,1.0000001430511474,0.9999998807907104,1.000000238418579,0,-1.4901161193847656e-08,-1.4305114737211966e-07,-1.5795230856596731e-07,lora,2.4001001209020614
model.layers.20.self_attn.k_proj.weight,0.9999534130096436,0.9999487966299055,0.9998886585235596,0.9999988675117492,0,20,k_proj,4.658699035642311e-05,5.120337009445475e-05,9.779036045087786e-05,finetuned,1.000000062584877,1.000000137090683,0.9999998807907104,1.000000238418579,0,-6.258487705856908e-08,-1.3709068302780736e-07,-1.9967556008637644e-07,lora,9.799003601096423e-05
model.layers.20.self_attn.v_proj.weight,0.7000741451978684,0.7000686645507812,-0.9994415044784546,0.9999964237213136,3,20,v_proj,0.29992585480213163,0.2999313354492188,3.5998571902513503,finetuned,1.0000000298023224,1.000000038743019,0.9999998807907104,1.0000001192092896,0,-2.9802322387695312e-08,-3.8743019015186064e-08,-6.854534140288138e-08,lora,3.5998572587966917
model.layers.20.self_attn.o_proj.weight,0.801961550116539,0.80196113884449,-0.998868763446808,0.9999824166297911,2,20,o_proj,0.19803844988346098,0.19803886115550995,2.396077311038971,finetuned,0.9999999970197676,1.0000000894069672,0.9999998211860656,1.0000001192092896,0,2.9802323942007547e-09,-8.940696716308594e-08,-8.642673476888518e-08,lora,2.3960773974657057
model.layers.20.mlp.gate_proj.weight,0.999402877688408,0.9994148403406145,0.997112512588501,0.9999905824661256,0,20,gate_proj,0.0005971223115920354,0.0005851596593855479,0.0011822819709775834,finetuned,1.0000000149011612,1.0000001579523086,0.9999997615814208,1.000000238418579,0,-1.4901161193847656e-08,-1.5795230856596731e-07,-1.7285346975981497e-07,lora,0.0011824548244473432
model.layers.20.mlp.up_proj.weight,0.9997809141874312,0.9997941464185714,0.9995256662368774,0.9999791383743286,0,20,up_proj,0.00021908581256879778,0.00020585358142855004,0.0004249393939973478,finetuned,1.0000000834465026,1.0000001579523086,0.9999998211860656,1.0000004768371582,0,-8.344650259672903e-08,-1.5795230856596731e-07,-2.4139881116269635e-07,lora,0.0004251807928085105
model.layers.20.mlp.down_proj.weight,0.9996155947446824,0.9996068477630616,0.9988282322883606,0.9999814629554749,0,20,down_proj,0.00038440525531757697,0.00039315223693836554,0.0007775574922559425,finetuned,1.0000000417232513,1.0000000596046448,0.9999998807907104,1.000000238418579,0,-4.1723251298364517e-08,-5.960464477539063e-08,-1.0132789607375514e-07,lora,0.0007776588201520163
model.layers.21.self_attn.q_proj.weight,0.8999863177537918,0.8999867051839828,-0.9999185800552368,0.9999966025352478,1,21,q_proj,0.10001368224620821,0.10001329481601717,1.2000269770622254,finetuned,1.0000000417232513,1.0000001192092896,0.9999998211860656,1.000000238418579,0,-4.1723251298364517e-08,-1.1920928955078125e-07,-1.6093254084914577e-07,lora,1.2000271379947662
model.layers.21.self_attn.k_proj.weight,0.7999647915363312,0.799961057305336,-0.9999739527702332,0.9999983310699464,2,21,k_proj,0.20003520846366885,0.20003894269466405,2.400074151158333,finetuned,1.000000047683716,1.00000002682209,0.9999998211860656,1.000000238418579,0,-4.7683716086766026e-08,-2.682209010451686e-08,-7.450580619128289e-08,lora,2.400074225664139
model.layers.21.self_attn.v_proj.weight,0.9988335371017456,0.9988263309001922,0.9917163848876952,0.999988317489624,0,21,v_proj,0.0011664628982543945,0.0011736690998077615,0.002340131998062156,finetuned,1.0000000536441802,1.0000001072883606,1.0,1.0000001192092896,0,-5.364418020903372e-08,-1.0728836064011205e-07,-1.6093254084914577e-07,lora,0.002340292930603005
model.layers.21.self_attn.o_proj.weight,0.9998326897621156,0.9998350888490676,0.9994543194770812,0.9999960660934448,0,21,o_proj,0.00016731023788441046,0.00016491115093242303,0.0003322213888168335,finetuned,1.0000000834465026,1.0000000536441802,0.9999998807907104,1.000000238418579,0,-8.344650259672903e-08,-5.364418020903372e-08,-1.3709068280576275e-07,lora,0.00033235847949963926
model.layers.21.mlp.gate_proj.weight,0.9999276846647264,0.999940350651741,0.9997548460960388,0.9999922513961792,0,21,gate_proj,7.231533527363165e-05,5.964934825897217e-05,0.00013196468353260382,finetuned,1.00000002682209,1.000000101327896,0.9999997615814208,1.0000003576278689,0,-2.682209010451686e-08,-1.0132789607375514e-07,-1.28149986178272e-07,lora,0.0001320928335187821
model.layers.21.mlp.up_proj.weight,-0.000293293595314,-0.0002919197082519,-0.9999730587005616,0.9999988079071044,10,21,up_proj,1.000293293595314,1.0002919197082518,12.000585213303566,finetuned,1.0000000953674315,1.000000113248825,0.9999998211860656,1.0000003576278689,0,-9.536743150739824e-08,-1.1324882498442435e-07,-2.0861625649182258e-07,lora,12.000585421919823
model.layers.21.mlp.down_proj.weight,0.7994754612445831,0.7994708806276322,-0.9998759031295776,0.9999927878379822,2,21,down_proj,0.20052453875541687,0.20052911937236784,2.401053658127785,finetuned,1.000000050663948,0.9999998569488524,0.9999999403953552,1.000000238418579,0,-5.066394792585527e-08,1.4305114759416426e-07,9.2387199668309e-08,lora,2.401053565740585
model.layers.22.self_attn.q_proj.weight,0.9999389290809632,0.9999400764703752,0.9996064901351928,0.9999991059303284,0,22,q_proj,6.107091903684303e-05,5.992352962480574e-05,0.00012099444866164877,finetuned,1.000000011920929,1.0000001281499862,0.9999998211860656,1.000000238418579,0,-1.1920928910669204e-08,-1.28149986178272e-07,-1.400709150889412e-07,lora,0.00012113451957673771
model.layers.22.self_attn.k_proj.weight,0.9999421060085296,0.9999360591173172,0.9997754693031312,0.9999990463256836,0,22,k_proj,5.789399147038132e-05,6.394088268280029e-05,0.00012183487415318162,finetuned,1.000000038743019,1.0000000804662703,0.9999998807907104,1.0000001192092896,0,-3.8743019015186064e-08,-8.046627031355058e-08,-1.1920928932873665e-07,lora,0.00012195408344251035
model.layers.22.self_attn.v_proj.weight,0.9996748894453048,0.9996723443269728,0.9966123700141908,0.9999983310699464,0,22,v_proj,0.000325110554695196,0.0003276556730271718,0.0006527662277223678,finetuned,1.0000000536441802,1.0000000774860385,0.9999998807907104,1.000000238418579,0,-5.364418020903372e-08,-7.748603847446134e-08,-1.3113021868349506e-07,lora,0.0006528973579410513
model.layers.22.self_attn.o_proj.weight,0.8997293531894683,0.8997296154499054,-0.9999717473983764,0.9999977350234984,1,22,o_proj,0.10027064681053166,0.10027038455009463,1.2005410313606264,finetuned,1.0000000655651091,1.0000001519918442,0.9999999403953552,1.000000238418579,0,-6.556510911970292e-08,-1.5199184422165501e-07,-2.1755695334135794e-07,lora,1.2005412489175797
model.layers.22.mlp.gate_proj.weight,0.99988751411438,0.999900683760643,0.9996967315673828,0.9999881386756896,0,22,gate_proj,0.00011248588561996176,9.931623935699463e-05,0.00021180212497695639,finetuned,1.000000101327896,1.0000000059604646,0.9999998211860656,1.0000003576278689,0,-1.0132789607375514e-07,-5.9604645663569045e-09,-1.0728836064011205e-07,lora,0.0002119094133375965
model.layers.22.mlp.up_proj.weight,0.8950092762708663,0.895023313164711,-0.9998098611831664,0.9999860525131226,1,22,up_proj,0.10499072372913365,0.10497668683528905,1.2099674105644227,finetuned,1.0000000774860385,0.999999901652336,0.9999998211860656,1.0000003576278689,0,-7.748603847446134e-08,9.83476640126213e-08,2.0861625538159956e-08,lora,1.2099673897027972
model.layers.22.mlp.down_proj.weight,0.1998667478561401,0.1998659700155258,-0.9999511241912842,0.999991238117218,8,22,down_proj,0.8001332521438599,0.8001340299844741,9.600267282128334,finetuned,1.0000000298023224,1.0,0.9999997615814208,1.000000238418579,0,-2.9802322387695312e-08,0.0,-2.9802322387695312e-08,lora,9.600267311930656
model.layers.23.self_attn.q_proj.weight,0.8999505817890168,0.899953743815422,-0.9999783039093018,0.9999971389770508,1,23,q_proj,0.10004941821098323,0.10004625618457796,1.2000956743955613,finetuned,1.0000000536441802,0.99999997317791,0.9999998807907104,1.0000003576278689,0,-5.364418020903372e-08,2.6822089993494558e-08,-2.6822090215539163e-08,lora,1.2000957012176516
model.layers.23.self_attn.k_proj.weight,0.9999667465686798,0.9999618023633956,0.9998704791069032,0.9999943971633912,0,23,k_proj,3.3253431320212634e-05,3.81976366043979e-05,7.145106792461053e-05,finetuned,1.000000038743019,0.9999999940395355,0.9999998807907104,1.000000238418579,0,-3.8743019015186064e-08,5.960464455334602e-09,-3.278255455985146e-08,lora,7.148385047917039e-05
model.layers.23.self_attn.v_proj.weight,0.9999165147542952,0.9999112755060195,0.9997473359107972,0.9999982714653016,0,23,v_proj,8.34852457047841e-05,8.872449398045212e-05,0.00017220973968523623,finetuned,0.9999999970197676,1.0000000774860385,0.9999998807907104,1.0000001192092896,0,2.9802323942007547e-09,-7.748603847446134e-08,-7.450580608026058e-08,lora,0.0001722842454913165
model.layers.23.self_attn.o_proj.weight,0.9999888241291046,0.9999890804290772,0.9999606013298036,0.9999983906745912,0,23,o_proj,1.1175870895385742e-05,1.0919570922807154e-05,2.2095441818192896e-05,finetuned,1.0000000417232513,1.0000000566244125,0.9999998211860656,1.0000003576278689,0,-4.1723251298364517e-08,-5.662441249221217e-08,-9.834766379057669e-08,lora,2.2193789481983472e-05
model.layers.23.mlp.gate_proj.weight,0.9998629361391068,0.9998760998249054,0.9996209144592284,0.9999889135360718,0,23,gate_proj,0.0001370638608931829,0.00012390017509456008,0.000260964035987743,finetuned,1.00000002682209,1.0000001281499862,0.9999998807907104,1.000000238418579,0,-2.682209010451686e-08,-1.28149986178272e-07,-1.5497207628278886e-07,lora,0.00026111900806402577
model.layers.23.mlp.up_proj.weight,0.998579940199852,0.9985929369926452,0.991798996925354,0.9999886751174928,0,23,up_proj,0.0014200598001480325,0.0014070630073548251,0.0028271228075028576,finetuned,1.000000038743019,1.000000035762787,0.9999998807907104,1.0000003576278689,0,-3.8743019015186064e-08,-3.576278695405222e-08,-7.450580596923828e-08,lora,0.002827197313308827
model.layers.23.mlp.down_proj.weight,0.9996147751808168,0.9996132642030716,0.9980087876319884,0.9999784231185912,0,23,down_proj,0.0003852248191832386,0.00038673579692838356,0.0007719606161116221,finetuned,1.000000038743019,1.000000175833702,0.9999997615814208,1.0000003576278689,0,-3.8743019015186064e-08,-1.7583370204299342e-07,-2.145767210581795e-07,lora,0.0007721751928326803
